,Pitcher,Batter,BatterTeam,TaggedPitchType,PitchCall,PlayResult,RelSpeed,InducedVertBreak,HorzBreak,PlateLocHeight,PlateLocSide
0,Matthew  Dalquist,Tucker  Moore,Mizzou 2024,Fastball,BallCalled,,89.14818484168183,20.48808260918815,11.018880619793196,1.4835769956773304,0.1592239710668354
1,Matthew  Dalquist,Tucker  Moore,Mizzou 2024,Fastball,Foul,,88.62655971655683,20.41732278588744,10.493861572119124,2.2041336471804085,-0.1804907159195801
2,Matthew  Dalquist,Tucker  Moore,Mizzou 2024,Slider,StrikeCalled,,82.39696759539365,7.188146529716008,-2.0731117379852213,2.008283919355828,-0.5026423068151953
3,Matthew  Dalquist,Tucker  Moore,Mizzou 2024,Curveball,BallCalled,,73.88571441550334,-6.242390361751866,-12.006254739430087,1.122540720666412,-1.166041278092561
4,Matthew  Dalquist,Tucker  Moore,Mizzou 2024,Slider,InPlay,Out,82.24886248983567,5.784824122308834,-4.6498653359343205,2.789356436649437,-0.6752754419562615
5,Matthew  Dalquist,Trevor  Austin,Mizzou 2024,Fastball,Foul,,89.05901574108746,18.719385605379703,13.20253590698452,1.517615559674558,0.0962324779583499
6,Matthew  Dalquist,Trevor  Austin,Mizzou 2024,Curveball,BallCalled,,71.92690678907107,-10.520619328392094,-14.777498917175295,1.1899010321726748,0.4166214807750946
7,Matthew  Dalquist,Trevor  Austin,Mizzou 2024,Fastball,StrikeCalled,,88.44626462901876,20.12319318653096,11.441501103317735,2.916775906843234,-0.5077816831857838
8,Matthew  Dalquist,Trevor  Austin,Mizzou 2024,Slider,InPlay,Out,81.71857965157157,4.486245590043197,-6.29466566780836,2.643744279765784,-0.293687867238196
9,Matthew  Dalquist,Thomas  Curry,Mizzou 2024,Changeup,StrikeSwinging,,82.51818378461923,11.41437604186105,18.443156817683025,1.5518576689739063,0.4823333350422296
10,Matthew  Dalquist,Thomas  Curry,Mizzou 2024,Fastball,InPlay,Out,88.60315068945641,18.60228357446133,11.359752090611511,2.591655384666756,0.8411344421068914
19,Matthew  Dalquist,Jackson  Lovich,Mizzou 2024,Fastball,StrikeCalled,,88.91256358859643,19.59033932477822,12.037315216906482,2.519049023964597,0.241479625603809
20,Matthew  Dalquist,Jackson  Lovich,Mizzou 2024,Fastball,StrikeCalled,,89.0905436581926,20.05541597854947,10.917091895657784,2.5862639831961576,-0.7704511678182937
21,Matthew  Dalquist,Jackson  Lovich,Mizzou 2024,Fastball,BallCalled,,90.8837463301802,19.85933605345212,11.005025267900027,1.6377060590113148,-1.0588194821168202
22,Matthew  Dalquist,Jackson  Lovich,Mizzou 2024,Slider,BallCalled,,83.20389000402128,5.497805167188446,-6.140963772413795,3.1062881138043146,-1.5633695944869577
23,Matthew  Dalquist,Jackson  Lovich,Mizzou 2024,Fastball,Foul,,90.17078527610389,19.976894959995224,11.017600116570158,2.493458854362854,0.2543078804749188
24,Matthew  Dalquist,Jackson  Lovich,Mizzou 2024,Fastball,InPlay,Out,88.36003807512071,18.74408195065553,12.056104408848508,2.836485509677797,0.6096129588866553
25,Matthew  Dalquist,Danny  Corona,Mizzou 2024,Fastball,StrikeCalled,,90.65432733778673,18.77094315055093,12.122724404901566,2.1432723629364854,0.1528216804468655
26,Matthew  Dalquist,Danny  Corona,Mizzou 2024,Fastball,BallCalled,,85.93970811078076,10.053610980232143,18.424072986282184,2.853137815813256,2.4606511471460237
27,Matthew  Dalquist,Danny  Corona,Mizzou 2024,Changeup,BallCalled,,84.49096084124595,12.356083896901062,17.55395787468216,1.6153217852411248,2.0552183689254235
28,Matthew  Dalquist,Danny  Corona,Mizzou 2024,Fastball,BallCalled,,90.13170481768742,19.256342035174463,12.167240412341108,4.199348074919751,1.2248791676923236
29,Matthew  Dalquist,Danny  Corona,Mizzou 2024,Fastball,Foul,,88.39930715777238,18.95353299651726,11.389768205048652,2.83311133989344,0.784729280694862
30,Matthew  Dalquist,Danny  Corona,Mizzou 2024,Curveball,BallCalled,,76.1951673493204,-4.967275549756081,-13.550662382648843,1.8964036645126692,-0.6548655562477597
31,Matthew  Dalquist,Jeric  Curtis,Mizzou 2024,Fastball,StrikeCalled,,88.26020684466204,20.021674636780247,10.577564134952985,1.6460223685166486,0.0166512920990458
32,Matthew  Dalquist,Jeric  Curtis,Mizzou 2024,Curveball,BallCalled,,74.06933402960021,-7.736155782648069,-15.412401827916709,1.408063724774152,-1.0064059147495366
33,Matthew  Dalquist,Jeric  Curtis,Mizzou 2024,Fastball,InPlay,Out,88.74814479503183,20.169206518928465,10.123412913725655,3.18670097444768,-0.2776491995407894
34,Matthew  Dalquist,Brock  Daniels,Mizzou 2024,Fastball,StrikeSwinging,,88.78250790791114,20.179522646868524,10.217375992836336,3.0934494870075366,-0.3291880325038811
35,Matthew  Dalquist,Brock  Daniels,Mizzou 2024,Changeup,BallCalled,,84.20758832680255,12.286935491749972,18.523338126797245,1.2707912836837307,-0.6753888856416825
36,Matthew  Dalquist,Brock  Daniels,Mizzou 2024,Changeup,InPlay,Single,83.42971543503705,10.584516556831977,18.11278595348379,1.658459423062565,0.5584771129619777
37,Matthew  Dalquist,Jedier  Hernandez,Mizzou 2024,Curveball,BallCalled,,75.25549610723944,-7.369621762603792,-13.79905690111318,2.910648364868869,-1.1163916770411
38,Matthew  Dalquist,Jedier  Hernandez,Mizzou 2024,Curveball,BallCalled,,82.272864936746,5.02799862265735,-5.323644652928735,3.6944969239554015,-0.5467661664319896
39,Matthew  Dalquist,Jedier  Hernandez,Mizzou 2024,Fastball,StrikeCalled,,88.76660889409018,19.428820078789997,11.683736099486598,2.241723989622338,0.1180774441871631
40,Matthew  Dalquist,Jedier  Hernandez,Mizzou 2024,Slider,Foul,,83.12319641006052,5.864046055162007,-3.573328235255948,2.826109017739577,0.2147987510800771
41,Matthew  Dalquist,Jedier  Hernandez,Mizzou 2024,Fastball,Foul,,89.60823663547491,19.395175811598254,11.414800828735135,3.956318128118498,0.0158392879055943
42,Matthew  Dalquist,Jedier  Hernandez,Mizzou 2024,Curveball,Foul,,77.12146758959499,-6.460824170235469,-13.292558227738608,3.4735795946414885,-0.5997641592951278
43,Matthew  Dalquist,Jedier  Hernandez,Mizzou 2024,Changeup,BallCalled,,83.925001662049,9.619332901534513,17.768938504595464,1.1624978392936192,0.838436530740323
44,Matthew  Dalquist,Jedier  Hernandez,Mizzou 2024,Slider,Foul,,83.22826464645914,4.720725982483295,-7.030626716389016,3.534422014065042,-0.3879836528250586
45,Matthew  Dalquist,Jedier  Hernandez,Mizzou 2024,Fastball,Foul,,90.79499324777848,,,2.7626673025614177,0.4335161933191118
46,Matthew  Dalquist,Jedier  Hernandez,Mizzou 2024,Fastball,Foul,,90.02959767667507,19.693810179329716,10.947458551338862,3.282005882301084,0.1742429192310361
47,Matthew  Dalquist,Jedier  Hernandez,Mizzou 2024,Curveball,Foul,,76.11500305172824,-7.546658576202965,-15.170786091395712,1.537935195087914,-0.9235612122736588
48,Matthew  Dalquist,Jedier  Hernandez,Mizzou 2024,Fastball,InPlay,Out,89.98758415346478,20.06085698622216,10.594105454645224,2.8727326648671614,0.5655035721727791
67,Matthew  Dalquist,Drew  Culbertson,Mizzou 2024,Fastball,BallCalled,,87.73631991651712,18.4877692485114,12.76696348915034,3.703940381036424,0.9350675473699388
68,Matthew  Dalquist,Drew  Culbertson,Mizzou 2024,Fastball,Foul,,87.57894043679227,19.41601331004829,11.913136150078524,3.383861965513138,0.4995875296104682
69,Matthew  Dalquist,Drew  Culbertson,Mizzou 2024,Slider,StrikeCalled,,80.67558839860992,6.937328654155216,-4.70549768852315,2.1575488186334923,-0.6953294753371139
70,Matthew  Dalquist,Drew  Culbertson,Mizzou 2024,Curveball,InPlay,Single,72.682322796018,-8.136230074670308,-14.860174616343835,2.5217525349002354,0.5417922724526574
71,Matthew  Dalquist,Tucker  Moore,Mizzou 2024,Changeup,BallCalled,,82.67157164008997,10.025723108454226,18.21285927639756,0.5649378115630791,-0.1640761734831298
72,Matthew  Dalquist,Tucker  Moore,Mizzou 2024,Fastball,BallCalled,,87.64802932661816,19.60390883132894,11.622630951373376,2.398781690949308,-1.2232996547047907
73,Matthew  Dalquist,Tucker  Moore,Mizzou 2024,Slider,StrikeCalled,,80.29161063498479,4.20118479837948,-4.432212097559826,1.85762807030616,0.174155639781763
74,Matthew  Dalquist,Tucker  Moore,Mizzou 2024,Slider,InPlay,Single,81.60078598696708,5.148942798668955,-5.985051648512296,2.330124273278381,0.4071299718358795
75,Matthew  Dalquist,Trevor  Austin,Mizzou 2024,Fastball,BallCalled,,87.62397391727019,20.65436242412457,11.887352075236151,0.7057879966007226,-0.0698232956322945
76,Matthew  Dalquist,Trevor  Austin,Mizzou 2024,Fastball,StrikeCalled,,86.99354268650653,19.603559026943024,11.030675795283226,1.8440355233503736,-0.5862844898165018
77,Matthew  Dalquist,Trevor  Austin,Mizzou 2024,Curveball,StrikeCalled,,73.91182994070883,-6.006002429760876,-14.94664327323403,2.2064563531843224,1.126420127881336
78,Matthew  Dalquist,Trevor  Austin,Mizzou 2024,Fastball,BallCalled,,88.50231439887945,19.874005851817063,10.056859664797583,1.946492541924501,-0.7488052527853822
79,Matthew  Dalquist,Trevor  Austin,Mizzou 2024,Fastball,InPlay,Out,88.04137930383791,19.925617918029143,10.763936494301271,1.5286527484621613,1.348141873561741
80,Matthew  Dalquist,Thomas  Curry,Mizzou 2024,Changeup,BallCalled,,84.16220976039305,12.96698171157938,17.264203244521205,0.7041962106934065,0.5157074988868928
81,Matthew  Dalquist,Thomas  Curry,Mizzou 2024,Curveball,BallCalled,,74.56040735346235,-8.446274757432192,-14.203360127908924,2.37458666926665,-1.404999171108732
82,Matthew  Dalquist,Thomas  Curry,Mizzou 2024,Fastball,Foul,,88.525142940047,19.67224351483913,10.219561259128692,2.5578523776243167,-0.0180400660694864
83,Matthew  Dalquist,Thomas  Curry,Mizzou 2024,Changeup,BallCalled,,83.14368163444087,10.965573874109747,17.994897068011813,0.9243495672831354,0.3192977263867526
84,Matthew  Dalquist,Thomas  Curry,Mizzou 2024,Fastball,InPlay,Out,87.65079489646443,19.82721555557716,10.787254930442078,2.492077130242261,-0.1151975938461625
85,Matthew  Dalquist,Jackson  Lovich,Mizzou 2024,Fastball,StrikeCalled,,89.71309040987059,19.30304189109656,11.287756998322322,2.613042178529549,-0.1934761700771125
86,Matthew  Dalquist,Jackson  Lovich,Mizzou 2024,Fastball,InPlay,Error,89.68623882826476,19.56867669800423,10.698460546209068,2.107746433819543,-0.7016743317472803
87,Matthew  Dalquist,Danny  Corona,Mizzou 2024,Changeup,StrikeSwinging,,82.43249760028503,10.790837932639691,18.60275799466297,1.6361691700003198,0.6496323704661205
88,Matthew  Dalquist,Danny  Corona,Mizzou 2024,Changeup,BallCalled,,82.05387049501202,11.582239634376752,15.94892477902247,3.0710605779145075,1.372883116574548
89,Matthew  Dalquist,Danny  Corona,Mizzou 2024,Changeup,BallCalled,,83.9389550287942,10.261404159227013,18.082647507312394,0.6670298644935907,-0.547078321400529
90,Matthew  Dalquist,Danny  Corona,Mizzou 2024,Fastball,StrikeSwinging,,88.02559758283861,19.83344518956173,10.587986597181024,2.7430438152549144,-0.4002011322575121
91,Matthew  Dalquist,Danny  Corona,Mizzou 2024,Changeup,InPlay,Single,83.34203842046114,11.11859326264361,18.04956746207461,1.920186696172292,0.5857913946655824
92,Matthew  Dalquist,Jeric  Curtis,Mizzou 2024,Fastball,StrikeCalled,,88.69384705463489,19.865222659043035,11.984153296367472,3.265681632281375,-0.2975645579589697
93,Matthew  Dalquist,Jeric  Curtis,Mizzou 2024,Fastball,StrikeSwinging,,88.44984570599507,19.56409686075325,11.86106085022071,3.654766197366031,-0.4022781380882798
94,Matthew  Dalquist,Jeric  Curtis,Mizzou 2024,Fastball,BallCalled,,89.42962474707136,19.883373272283347,11.28295676889229,3.93554463250698,0.3838028857595644
95,Matthew  Dalquist,Jeric  Curtis,Mizzou 2024,Curveball,BallCalled,,74.61477407021145,-5.305644253426813,-13.992652976059071,4.429284445926678,-0.7999315825653285
96,Matthew  Dalquist,Jeric  Curtis,Mizzou 2024,Fastball,StrikeCalled,StrikeoutLooking,89.65597211675073,20.60813607235874,9.775153364423591,1.928725205187204,-0.78189065220754
128,Matthew  Dalquist,Brock  Daniels,Mizzou 2024,Changeup,BallCalled,,81.07045911473627,11.594730828874557,18.17579581224743,0.906807107824186,0.148298344733603
129,Matthew  Dalquist,Brock  Daniels,Mizzou 2024,Fastball,StrikeCalled,,86.3429916166401,18.882951875883244,12.160867440650977,1.4766882722786423,0.5313345942675809
130,Matthew  Dalquist,Brock  Daniels,Mizzou 2024,Slider,StrikeCalled,,79.42947920797833,7.625085241039812,-4.324530803726151,3.121884349372526,0.4460935618649868
131,Matthew  Dalquist,Brock  Daniels,Mizzou 2024,Changeup,StrikeSwinging,StrikeoutSwinging,81.165849180866,12.386152479396667,18.296528668329127,1.0808293745811064,0.5335919145708607
132,Matthew  Dalquist,Jedier  Hernandez,Mizzou 2024,Changeup,BallCalled,,82.54102295712421,11.255233758876551,19.04162404983691,0.7761842365321128,-0.189718975177871
133,Matthew  Dalquist,Jedier  Hernandez,Mizzou 2024,Fastball,Foul,,87.93142641573094,18.8200120965456,12.81107675222516,2.780352021550329,0.9314944748717264
134,Matthew  Dalquist,Jedier  Hernandez,Mizzou 2024,Slider,BallCalled,,78.68451233686542,6.151579762778923,-5.932958566827852,4.095091736909084,-0.1200142761185483
135,Matthew  Dalquist,Jedier  Hernandez,Mizzou 2024,Fastball,InPlay,Out,86.06851107784924,18.628602593472262,12.12877235879309,2.3387881079075767,1.2222058237798488
136,Matthew  Dalquist,Drew  Culbertson,Mizzou 2024,Fastball,Foul,,85.81151941786017,19.09931790781932,11.865802458429782,2.890916146332471,0.4652298690978975
137,Matthew  Dalquist,Drew  Culbertson,Mizzou 2024,Slider,BallCalled,,81.3648373225006,7.264042113257645,-3.766301806643831,2.071445322774547,-0.803411499325617
138,Matthew  Dalquist,Drew  Culbertson,Mizzou 2024,Slider,StrikeCalled,,79.77081323854392,7.307702215098594,-6.479372568923667,2.565078214696854,0.4697040919524799
139,Matthew  Dalquist,Drew  Culbertson,Mizzou 2024,Fastball,Foul,,87.65180052177617,20.22315639105244,10.115916206837008,2.755161149840196,0.8579025835072678
140,Matthew  Dalquist,Drew  Culbertson,Mizzou 2024,Slider,Foul,,81.95939053111732,6.544826416384439,-4.663635476625477,2.2223356702081385,-0.3191521477470306
141,Matthew  Dalquist,Drew  Culbertson,Mizzou 2024,Changeup,StrikeSwinging,StrikeoutSwinging,82.95703057066882,12.243315162779512,17.29297226604785,0.8786727786379704,0.6282220698982156
0,Matthew Dalquist,Colton Griffin,Stephen f. austin state,Fastball,BallCalled,,89.19465037844543,19.907699346271283,12.503234728969591,1.5971818154875026,1.9191140843314705
1,Matthew Dalquist,Colton Griffin,Stephen f. austin state,Fastball,InPlay,Out,89.7942583817108,18.715207554155118,12.812255783632525,2.9982967276162187,0.2177371631394266
2,Matthew Dalquist,Cole Hill,Stephen f. austin state,Fastball,StrikeCalled,,88.47992504363657,19.230111019244905,12.818745625418677,1.653188900328986,-0.0883211421074259
3,Matthew Dalquist,Cole Hill,Stephen f. austin state,Fastball,StrikeCalled,,89.19476705570511,18.591321799816523,12.58649936802431,2.862913249266103,-0.882324836343845
4,Matthew Dalquist,Cole Hill,Stephen f. austin state,Slider,Foul,,83.96813313620632,7.289024908064682,-2.7725565938441146,2.695989689261279,-1.1724485169323422
5,Matthew Dalquist,Cole Hill,Stephen f. austin state,Fastball,InPlay,Out,89.69012879000154,19.436433953545997,12.63184121424073,3.17405105581312,1.1566375203719996
6,Matthew Dalquist,Brock Knoerr,Stephen f. austin state,Fastball,BallCalled,,88.49134112562423,18.508259358225445,13.63937051424278,2.175168882837544,1.7825352261223184
7,Matthew Dalquist,Brock Knoerr,Stephen f. austin state,Fastball,InPlay,Single,89.52705383974993,18.331300702838277,13.4320939954913,3.4196739164554546,0.7611592469375341
8,Matthew Dalquist,Cal Martin,Stephen f. austin state,Fastball,StrikeCalled,,89.29123584418771,19.135109157186413,13.08347849661413,2.9980764269507536,-0.3911603715375475
9,Matthew Dalquist,Cal Martin,Stephen f. austin state,Curveball,StrikeCalled,,76.34623790995018,-4.75551920240045,-12.860155070025204,3.0185051130776914,-1.0690579719708229
10,Matthew Dalquist,Cal Martin,Stephen f. austin state,Fastball,InPlay,Out,89.63150254907757,19.16122110864578,12.977789862875012,3.414218639186082,-0.0716704167890857
22,Matthew Dalquist,Tyree Carr,Stephen f. austin state,Fastball,StrikeSwinging,,88.82635171180725,18.917450188828383,12.460125505794164,3.0226671096698903,1.519215629492737
23,Matthew Dalquist,Tyree Carr,Stephen f. austin state,Changeup,BallCalled,,81.491470762725,10.120426424539126,16.38260339457315,1.399346436970743,2.06079628046628
24,Matthew Dalquist,Tyree Carr,Stephen f. austin state,Curveball,BallCalled,,71.97682150048998,-8.356789754154548,-14.9106440001939,3.14911588022937,1.857848850626029
25,Matthew Dalquist,Tyree Carr,Stephen f. austin state,Fastball,StrikeSwinging,,88.4683899767829,18.648038894164,12.864377614209824,2.0381576675365767,1.7480194655755037
26,Matthew Dalquist,Tyree Carr,Stephen f. austin state,Fastball,StrikeSwinging,StrikeoutSwinging,89.52770354731658,19.311269745405728,13.084362505184476,2.1376150055341845,1.8715504667331264
27,Matthew Dalquist,Nolan Brown,Stephen f. austin state,Fastball,StrikeCalled,,88.77505014930657,18.219642003234046,13.417401005682226,1.969628329542586,-0.0977391305812064
28,Matthew Dalquist,Nolan Brown,Stephen f. austin state,Fastball,StrikeSwinging,,90.41580137763891,18.207214660819695,12.499464693799728,3.156226854857949,-0.3878791780680963
29,Matthew Dalquist,Nolan Brown,Stephen f. austin state,Fastball,BallCalled,,90.1063077844271,18.983216105595854,11.519839088182549,1.5307666113060638,-0.9180917522014932
30,Matthew Dalquist,Nolan Brown,Stephen f. austin state,Slider,StrikeSwinging,StrikeoutSwinging,82.38711803219199,5.998810800615246,-4.557411944755189,1.0066299078211938,-1.823759479090478
31,Matthew Dalquist,Tom Biggs,Stephen f. austin state,Fastball,InPlay,Out,89.75551267989324,18.999077570642704,11.273338110290808,2.189582702221412,0.42894844726525
52,Matthew Dalquist,Sam Adams,Stephen f. austin state,Fastball,StrikeCalled,,87.7980512878118,18.576719214594828,12.20597836265252,3.584602494863457,0.2742059245547447
53,Matthew Dalquist,Sam Adams,Stephen f. austin state,Curveball,Foul,,72.51772888064721,-5.750869975858628,-15.00631038706286,2.592140915189269,0.0816390441881538
54,Matthew Dalquist,Sam Adams,Stephen f. austin state,Fastball,StrikeSwinging,StrikeoutSwinging,89.77129509754883,18.192633959975247,12.281354014690937,3.30208582818794,0.4956688468507383
55,Matthew Dalquist,Dylan Bourgeios,Stephen f. austin state,Fastball,StrikeCalled,,87.10625057561693,17.847275716085868,12.681423315492951,3.4314129437738994,1.0102023569965002
56,Matthew Dalquist,Dylan Bourgeios,Stephen f. austin state,Changeup,BallCalled,,81.97138248608924,11.85421185562874,16.5598504719758,0.7775358002331944,-0.4331112866525929
57,Matthew Dalquist,Dylan Bourgeios,Stephen f. austin state,Fastball,BallCalled,,88.51265789420185,18.16210684587133,13.67897901212424,4.187259368455548,1.39275795720176
58,Matthew Dalquist,Dylan Bourgeios,Stephen f. austin state,Fastball,BallCalled,,88.37163017771918,18.50378123668473,12.2601924712085,3.782822015407537,1.7896874728671994
59,Matthew Dalquist,Dylan Bourgeios,Stephen f. austin state,Fastball,InPlay,Out,88.51327881220851,18.451018700951877,12.881634928200636,1.8983919168399772,0.1186738859617456
60,Matthew Dalquist,Colton Griffin,Stephen f. austin state,Fastball,BallCalled,,87.8987412623872,17.453427276813912,13.180364908571535,3.081636513446829,1.647062708711571
61,Matthew Dalquist,Colton Griffin,Stephen f. austin state,Changeup,StrikeSwinging,,82.71434035059221,12.382269219282506,14.881690581801324,2.2309383607204003,0.5525006187377425
62,Matthew Dalquist,Colton Griffin,Stephen f. austin state,Changeup,StrikeSwinging,,83.1753861107491,11.710110809011269,16.637070670863753,1.2395584305528264,1.03516597303075
63,Matthew Dalquist,Colton Griffin,Stephen f. austin state,Fastball,StrikeSwinging,StrikeoutSwinging,89.21060740504788,18.94958300053774,12.310912952618631,2.045084112011012,1.2561069964957738
73,Matthew Dalquist,Cole Hill,Stephen f. austin state,Curveball,StrikeCalled,,72.1887225870243,-9.318080664986034,-14.18031187447306,1.38845205110438,0.4974238381826845
74,Matthew Dalquist,Cole Hill,Stephen f. austin state,Slider,Foul,,80.83832044516022,3.565984559164441,-6.857495842901678,1.667836256491326,0.2544941217258273
75,Matthew Dalquist,Cole Hill,Stephen f. austin state,Fastball,InPlay,Double,87.51443808834578,19.314769466848592,10.94427062523418,3.441377450667477,-0.2561279357306592
76,Matthew Dalquist,Brock Knoerr,Stephen f. austin state,Changeup,Foul,,84.0844423295861,11.386364294128938,17.307795405747648,1.1553077327529735,0.449304301913777
77,Matthew Dalquist,Brock Knoerr,Stephen f. austin state,Changeup,BallCalled,,81.47233901407137,12.22855485551858,16.575681300460364,3.44654813938452,2.1512737377221613
78,Matthew Dalquist,Brock Knoerr,Stephen f. austin state,Curveball,Foul,,73.13638599086174,-6.966395060107125,-15.865706847743471,1.803371267264614,0.7586672386588962
79,Matthew Dalquist,Brock Knoerr,Stephen f. austin state,Curveball,StrikeSwinging,Error,73.46315855040191,-9.473192238962897,-13.765615547164929,-0.0047039930446658,-0.2408173443653921
80,Matthew Dalquist,Cal Martin,Stephen f. austin state,Slider,StrikeSwinging,,81.68527523904272,5.603519784295045,-5.12603445158046,1.9650434989696195,-0.3925597460779063
81,Matthew Dalquist,Cal Martin,Stephen f. austin state,Slider,BallCalled,,82.0536206819454,5.444491290801416,-4.379256811810255,1.0566733565778128,-1.25353339107889
82,Matthew Dalquist,Cal Martin,Stephen f. austin state,Fastball,InPlay,Sacrifice,88.3948668029411,19.007314145879175,12.959537299278454,2.8168268842899065,0.7512974061746629
83,Matthew Dalquist,Tyree Carr,Stephen f. austin state,Changeup,StrikeSwinging,,83.99707890549391,11.101579296905012,15.616328009042157,1.9878302272455064,1.449451726592986
84,Matthew Dalquist,Tyree Carr,Stephen f. austin state,Fastball,StrikeSwinging,,88.98167360058798,18.345107596348655,14.1397174478485,1.9251181461701925,0.58425234226012
85,Matthew Dalquist,Tyree Carr,Stephen f. austin state,Fastball,StrikeSwinging,StrikeoutSwinging,89.00757095891856,,,3.950682779846675,0.7351393311367026
86,Matthew Dalquist,Nolan Brown,Stephen f. austin state,Slider,StrikeSwinging,,83.10954942973665,6.615990193330404,-4.027193237307267,2.520178074310174,-1.8047313305625368
87,Matthew Dalquist,Nolan Brown,Stephen f. austin state,Slider,InPlay,Single,83.81255592940569,6.504290741353756,-5.8931391830624005,1.941319059311984,-0.5532109911148904
88,Matthew Dalquist,Tom Biggs,Stephen f. austin state,Slider,InPlay,Out,82.40194015907208,10.20149703108916,17.93128763152554,1.32202859149187,0.0199309625803991
113,Matthew Dalquist,Sam Adams,Stephen f. austin state,Fastball,Foul,,87.33325807671291,19.050785325323783,13.153898643622748,2.638930677785993,-0.2294952500685727
114,Matthew Dalquist,Sam Adams,Stephen f. austin state,Changeup,StrikeSwinging,,81.28015868355561,10.941574918460615,16.52576253166124,3.1212184086054284,0.5702853832697115
115,Matthew Dalquist,Sam Adams,Stephen f. austin state,Slider,InPlay,Out,83.02611890780383,5.968189729474922,-3.1938448439477245,2.0103727402977905,-0.7955395086547892
116,Matthew Dalquist,Dylan Bourgeios,Stephen f. austin state,Fastball,BallCalled,,87.14349243634105,,,3.3570971930433755,2.901742113561669
117,Matthew Dalquist,Dylan Bourgeios,Stephen f. austin state,Fastball,BallCalled,,86.70253505457708,19.22397795202517,13.590590687301995,2.5900030784247594,2.2703900283695297
118,Matthew Dalquist,Dylan Bourgeios,Stephen f. austin state,Fastball,Foul,,86.88531416187747,18.928096491971967,13.202537058336626,3.2505827961982003,1.011554080621804
119,Matthew Dalquist,Dylan Bourgeios,Stephen f. austin state,Fastball,BallCalled,,87.2763766656427,18.608509249738493,13.14898604572904,3.2767135518934776,1.8744487709986204
120,Matthew Dalquist,Dylan Bourgeios,Stephen f. austin state,Curveball,BallCalled,,71.0754876740953,-9.59506594108533,-15.272720866322269,4.130465356869035,0.0328448890090537
121,Matthew Dalquist,Colton Griffin,Stephen f. austin state,Fastball,BallCalled,,87.96786707008033,19.65099161434217,12.44122932755387,2.576303020535363,1.8172296529081151
122,Matthew Dalquist,Colton Griffin,Stephen f. austin state,Changeup,StrikeSwinging,,81.34290505581423,12.423860041976774,15.553022376340207,1.3523705369632717,0.4913438014788917
123,Matthew Dalquist,Colton Griffin,Stephen f. austin state,Changeup,BallCalled,,81.5122438496828,12.283419404243515,16.233491125574666,1.5662120973526394,-0.499735859360454
124,Matthew Dalquist,Colton Griffin,Stephen f. austin state,Changeup,StrikeSwinging,,82.26165679073031,12.795697247716298,16.161322731763768,1.1385491727590276,0.971367034477997
125,Matthew Dalquist,Colton Griffin,Stephen f. austin state,Changeup,InPlay,FieldersChoice,82.32912950773368,11.64050117079097,15.503157648449683,0.9282853419456046,1.1201118632586475
126,Matthew Dalquist,Cole Hill,Stephen f. austin state,Slider,BallCalled,,80.73844754660084,5.561002137157338,-6.338256136370349,2.528862619574195,-1.5859614361643022
128,Matthew Dalquist,Cole Hill,Stephen f. austin state,Slider,StrikeCalled,,82.67517590944314,7.220628934566548,-4.922341503844564,2.766331340284082,-0.9933954577414792
129,Matthew Dalquist,Cole Hill,Stephen f. austin state,Changeup,StrikeSwinging,StrikeoutSwinging,82.81766958926795,11.587050512607668,16.02438250250079,0.8680061470639545,0.2313161297497289
161,Matthew Dalquist,Brock Knoerr,Stephen f. austin state,Fastball,Foul,,86.062453387101,18.3379119870113,14.069296029809715,2.8957642671586776,1.2414566392259672
162,Matthew Dalquist,Brock Knoerr,Stephen f. austin state,Changeup,StrikeSwinging,,80.58612697159991,11.482169878417672,16.848526536859858,1.64009750655755,-0.3368868494580806
163,Matthew Dalquist,Brock Knoerr,Stephen f. austin state,Changeup,BallCalled,,81.26019210584195,10.848987584861696,17.890066930927045,1.114938506746603,1.6940528230092853
164,Matthew Dalquist,Brock Knoerr,Stephen f. austin state,Changeup,StrikeSwinging,StrikeoutSwinging,79.84847089039812,11.476586261310686,16.663373863740766,1.1784841414577336,1.2471553147944296
165,Matthew Dalquist,Cal Martin,Stephen f. austin state,Slider,InPlay,Single,81.10319132509785,5.929254690346603,-5.467042302323328,2.468405014852173,0.2109070053972128
166,Matthew Dalquist,Tyree Carr,Stephen f. austin state,Changeup,StrikeSwinging,,79.70756245737147,10.46854878803756,15.32698459024393,1.8508963695427156,1.0578303343740518
167,Matthew Dalquist,Tyree Carr,Stephen f. austin state,Fastball,BallCalled,,88.25499976335638,18.51109640479879,13.785242131705203,1.6177899250358614,0.0377641605876483
168,Matthew Dalquist,Tyree Carr,Stephen f. austin state,Changeup,StrikeSwinging,,81.09223771539345,9.421070634318603,18.582716831214604,0.3607378289250394,0.5731786128435716
169,Matthew Dalquist,Tyree Carr,Stephen f. austin state,Changeup,InPlay,Out,81.90654072717244,11.609958478136935,16.75021188880447,1.8373999896620796,1.4625190859735333
170,Matthew Dalquist,Nolan Brown,Stephen f. austin state,Fastball,StrikeCalled,,87.64571186554518,19.9623260180638,11.736705159335267,2.147870364631701,-0.1821573316088143
171,Matthew Dalquist,Nolan Brown,Stephen f. austin state,Curveball,StrikeSwinging,,71.08522190334028,-8.483058084812932,-15.722850698159354,0.7061235336687214,-1.0398140176986272
172,Matthew Dalquist,Nolan Brown,Stephen f. austin state,Slider,BallCalled,,80.88833927467464,3.88018359841702,-8.315792516395742,1.70008819957376,-2.6956375518732627
173,Matthew Dalquist,Nolan Brown,Stephen f. austin state,Slider,Foul,,80.28008254434502,3.38505263079297,-6.127933521246715,1.375719220542416,-1.0205716277122503
174,Matthew Dalquist,Nolan Brown,Stephen f. austin state,Fastball,StrikeCalled,StrikeoutLooking,91.33735714942564,18.81396023475654,12.54580579161257,2.414702951620697,-1.064424469215188
0,Matthew Dalquist,Chase Graves,Pacific,Fastball,InPlay,Out,88.23202070163939,19.653927656640576,12.69941678045988,2.133890048999777,0.1327923475361931
1,Matthew Dalquist,Gabe Camacho,Pacific,Fastball,StrikeCalled,,88.00632559195009,19.15875457333366,13.007101709354307,3.295701334684097,1.0385763633580003
2,Matthew Dalquist,Gabe Camacho,Pacific,Changeup,BallCalled,,82.4997259086034,,,2.4732466044353654,1.7777473709372589
3,Matthew Dalquist,Gabe Camacho,Pacific,Changeup,Foul,,82.77716050504671,11.940497988539168,17.12172885440424,1.966261900240176,0.8713999723012591
4,Matthew Dalquist,Gabe Camacho,Pacific,Slider,Foul,,82.28508108937307,4.523252160085271,-4.95183699040647,1.8139870587890865,0.7151227380996483
5,Matthew Dalquist,Gabe Camacho,Pacific,Fastball,Foul,,89.84043406102744,20.52965748590893,10.572642032780116,2.9380229409946685,0.617826316796776
6,Matthew Dalquist,Gabe Camacho,Pacific,Changeup,StrikeSwinging,StrikeoutSwinging,84.29469898808608,12.285723894950593,17.33491802639877,1.2398241883672052,0.9275931169351258
7,Matthew Dalquist,Jack Metcho,Pacific,Slider,BallCalled,,82.9069179629823,6.863527164162285,-3.342978975608419,0.9923621901890756,-1.2694696432577943
8,Matthew Dalquist,Jack Metcho,Pacific,Fastball,StrikeCalled,,89.45378112984318,19.64300257412101,11.862308384826374,2.605693394267765,-0.3939968724936193
9,Matthew Dalquist,Jack Metcho,Pacific,Curveball,BallCalled,,74.18281150482892,-6.801615604899482,-12.128290564592824,3.244164098207665,-0.5382013177682731
10,Matthew Dalquist,Jack Metcho,Pacific,Slider,InPlay,Single,79.44365871493486,3.911868306917171,-5.648691798914874,2.5243945336411318,-0.0273694790732233
11,Matthew Dalquist,Kaden Petersen,Pacific,Slider,StrikeCalled,,81.4168209099534,5.8910325950107065,-3.464924677903848,2.297498600972118,-0.0044690551552381
12,Matthew Dalquist,Kaden Petersen,Pacific,Curveball,InPlay,Single,72.29638751678408,-10.861833355663371,-13.518441097399824,2.878396765302216,0.4619864720387533
13,Matthew Dalquist,Jacob Weiss,Pacific,Slider,StrikeSwinging,,79.839786187238,3.313453308247148,-7.446073906277665,1.2329073277070657,-0.2316387290483186
14,Matthew Dalquist,Jacob Weiss,Pacific,Slider,BallCalled,,83.68647909645235,4.56636555996208,-7.459306430933762,0.3810363985540216,-1.6371135727758694
15,Matthew Dalquist,Jacob Weiss,Pacific,Slider,InPlay,Out,81.02063706751613,3.633371263241244,-5.593896514190246,1.3943592864338876,-0.5043162333930961
33,Matthew Dalquist,Luis Vargas,Pacific,Fastball,StrikeCalled,,86.83994915868999,18.950272398970267,13.40446841805661,2.0686968600572406,1.3553857531832831
34,Matthew Dalquist,Luis Vargas,Pacific,Changeup,StrikeSwinging,,82.04203121046734,12.7176173177671,17.073152560247465,1.6215833606254924,1.4934098623091547
35,Matthew Dalquist,Luis Vargas,Pacific,Changeup,StrikeSwinging,StrikeoutSwinging,82.2700289708728,10.65563863420429,18.73692619207472,2.2567636383951064,2.55995169944959
36,Matthew Dalquist,Andre Vidal,Pacific,Fastball,BallCalled,,87.67191063389349,19.38712085150594,13.573224484056562,2.7273873850023462,1.327651159649209
37,Matthew Dalquist,Andre Vidal,Pacific,Fastball,InPlay,Double,87.68316237905997,18.457144499666917,14.331905483654127,2.36995919869905,0.7642313374542051
38,Matthew Dalquist,Tony Otis,Pacific,Fastball,Foul,,88.78983384079271,15.41121596008287,17.585129825797967,3.441053516971891,-0.2532413259575456
39,Matthew Dalquist,Tony Otis,Pacific,Curveball,StrikeSwinging,,72.16306327511184,-9.60817037118396,-12.63297818084119,1.4928547694634182,-0.8740906338822793
40,Matthew Dalquist,Tony Otis,Pacific,Slider,BallCalled,,80.35780178772106,4.946176386723955,-5.627200078243737,1.3164448090480236,-1.101659381463286
41,Matthew Dalquist,Tony Otis,Pacific,Slider,InPlay,Out,79.8249478220699,4.010437994830319,-6.184617854098327,2.1752560960521223,-0.5056406500757242
42,Matthew Dalquist,Adrian Vidal,Pacific,Fastball,StrikeSwinging,,88.4015628293906,19.119872484834232,11.36030163969934,3.7886382131476655,-1.5646569060948547
43,Matthew Dalquist,Andre Vidal,Pacific,Curveball,,,73.31799835277366,-11.519901025365442,-13.121726843868055,2.67879279076744,0.3741824649930316
44,Matthew Dalquist,Adrian Vidal,Pacific,Fastball,StrikeSwinging,StrikeoutSwinging,91.06734957693804,19.857020981500504,9.9750788297113,4.1016414115110855,-0.2956327466416135
59,Matthew Dalquist,Chase Graves,Pacific,Curveball,StrikeCalled,,71.8526812974596,-6.719664006462715,-12.844671534912496,2.387769016976951,-0.9235833697955872
60,Matthew Dalquist,Chase Graves,Pacific,Fastball,StrikeSwinging,,87.01940680734464,19.72139068308255,11.76362999141972,3.1890156387034816,0.2659926366469872
61,Matthew Dalquist,Chase Graves,Pacific,Curveball,StrikeSwinging,StrikeoutSwinging,72.04559412693635,-10.847634515714894,-13.525247987005748,1.824414087595944,-0.0692931379173115
62,Matthew Dalquist,Gabe Camacho,Pacific,Curveball,StrikeCalled,,72.00773300136902,-7.177582783223642,-13.70117035218544,2.080261097019613,0.2658556422912895
63,Matthew Dalquist,Gabe Camacho,Pacific,Fastball,BallCalled,,87.76917414982623,20.42239987174235,11.642977916005172,2.135074951414296,1.7454773247102724
64,Matthew Dalquist,Gabe Camacho,Pacific,Changeup,InPlay,Out,83.92595653833153,10.693947692377783,16.481721749129864,1.1096352144962487,1.092277277573433
65,Matthew Dalquist,Jack Metcho,Pacific,Fastball,BallCalled,,89.53200783196097,20.037478705525224,10.99404205324866,4.446206714659096,0.4931291628340165
66,Matthew Dalquist,Jack Metcho,Pacific,Fastball,StrikeCalled,,87.87418864111599,18.667504770593165,11.858620625251229,3.0789805253838565,0.6453015502998534
67,Matthew Dalquist,Jack Metcho,Pacific,Curveball,BallCalled,,70.92083126103546,-8.965011561912732,-13.919691302805717,2.934416783830109,0.4701580402151362
68,Matthew Dalquist,Jack Metcho,Pacific,Fastball,Foul,,86.60577206625901,19.096990966505015,10.975370530950688,3.083537421490561,0.2148201227486877
69,Matthew Dalquist,Jack Metcho,Pacific,Changeup,StrikeSwinging,StrikeoutSwinging,82.64146693821404,12.935038845562984,14.884116236171169,2.136306924463234,1.2457004370594862
122,Matthew Dalquist,Kaden Petersen,Pacific,Fastball,StrikeCalled,,87.70279902410877,19.86086709116317,12.795082548162538,2.143163669219837,-0.3937952718428631
123,Matthew Dalquist,Kaden Petersen,Pacific,Curveball,BallCalled,,71.50518904307546,-10.256807503911295,-13.03351093659276,1.1249938405220423,-0.3418311334125814
124,Matthew Dalquist,Kaden Petersen,Pacific,Slider,BallCalled,,79.75350001868159,3.2622993989927096,-5.550853854448149,1.0555716574160632,-0.5137980245868383
125,Matthew Dalquist,Kaden Petersen,Pacific,Fastball,BallCalled,,85.69610867750463,19.61779471307471,12.6555199570663,1.7763384352010323,-0.7672294673162331
126,Matthew Dalquist,Kaden Petersen,Pacific,Fastball,BallCalled,Walk,85.7909550155454,19.70543526515048,12.397877069534903,1.780787206084189,0.992720265224832
127,Matthew Dalquist,Jacob Weiss,Pacific,Slider,Foul,,80.51357509927811,5.484146104289117,-4.418684420813769,3.1222616203260967,-0.3814420163763646
128,Matthew Dalquist,Jacob Weiss,Pacific,Fastball,BallCalled,,87.86600137501537,19.99925706648056,12.007357736761607,1.7817762099703534,-1.4877041743288086
129,Matthew Dalquist,Jacob Weiss,Pacific,Slider,InPlay,Out,80.94257598674051,6.3909239227068255,-4.141303913729284,2.0840577570295675,0.336964777210858
157,Matthew Dalquist,Andre Vidal,Pacific,Fastball,BallCalled,,85.76581030048513,20.225862882940984,11.166175653636303,2.7027229363556247,2.014894533409813
158,Matthew Dalquist,Andre Vidal,Pacific,Fastball,InPlay,Out,86.51036547451544,19.23154993380414,13.300569842361794,3.401756744805017,0.026006007539741
159,Matthew Dalquist,Tony Otis,Pacific,Slider,StrikeCalled,,80.67542639084287,6.443508731738845,-4.1000671615768125,2.5870124912370907,0.8372412643782987
160,Matthew Dalquist,Tony Otis,Pacific,Fastball,StrikeCalled,,88.15907230210382,19.50651784097879,13.468895660002966,2.689034161899899,0.1128087282184661
161,Matthew Dalquist,Tony Otis,Pacific,Changeup,InPlay,Single,81.57366841010247,11.526455957363812,15.799870436870329,2.651334699813402,0.4009857099461537
162,Matthew Dalquist,Rylan Evans,Pacific,Fastball,BallCalled,,88.12756419276248,19.263984994685927,13.55920592673658,1.3220248457028485,0.0650079043094962
163,Matthew Dalquist,Rylan Evans,Pacific,Fastball,Foul,,87.3299996420062,19.45008190391344,12.703330068643565,4.035556412011425,0.6306925939931894
164,Matthew Dalquist,Rylan Evans,Pacific,Curveball,StrikeSwinging,,72.8961187225045,-9.327837094790446,-13.638405335808429,2.109985116424176,-0.9373349964584344
165,Matthew Dalquist,Rylan Evans,Pacific,Curveball,BallCalled,,73.74902964603378,-6.298834023045693,-14.20160747030307,1.44932794609474,-2.11351754847632
166,Matthew Dalquist,Rylan Evans,Pacific,Fastball,InPlay,Out,88.63738342196778,19.431012587877472,10.84325506493084,2.5247118917989364,0.0063679691716821
167,Matthew Dalquist,Chase Graves,Pacific,Slider,StrikeCalled,,82.15585600472737,5.630344684684893,-5.888361893750793,2.8956863500977,-0.8148238227225918
168,Matthew Dalquist,Chase Graves,Pacific,Curveball,StrikeCalled,,72.4035640653339,-9.600408895407888,-13.122036991016165,2.445473323923668,0.3645919902149639
169,Matthew Dalquist,Chase Graves,Pacific,Fastball,StrikeCalled,StrikeoutLooking,89.49362515570314,19.33585234295768,12.871837346799602,2.4443639865284066,-0.782191633525878
74,Matthew Dalquist,Luke Mistone,Cal state fullerton,Fastball,Foul,,90.05624212051553,19.83950315284463,12.253620060595123,3.3251832594396245,0.5321852073042593
75,Matthew Dalquist,Luke Mistone,Cal state fullerton,Fastball,Foul,,89.32266853858542,19.38490563826927,12.537811705069002,3.4092223588296737,0.0008875461314082
76,Matthew Dalquist,Luke Mistone,Cal state fullerton,Slider,BallCalled,,85.22927194348672,7.40790976063338,-1.599078646319694,1.500227046002053,-1.473420593303523
77,Matthew Dalquist,Luke Mistone,Cal state fullerton,Fastball,InPlay,Out,90.74015275722556,20.88936203269313,9.823526592268834,3.6019420913793616,0.0401869095966296
78,Matthew Dalquist,Max Ortega,Cal state fullerton,Curveball,BallCalled,,74.50016173650488,-11.304544176547909,-13.00922042208818,1.2525337788945794,-1.0453894115952267
79,Matthew Dalquist,Max Ortega,Cal state fullerton,Curveball,BallCalled,,71.82922082716101,-12.670519227198142,-14.963006932431176,1.07076710988597,0.5011188664599735
80,Matthew Dalquist,Max Ortega,Cal state fullerton,Fastball,InPlay,Out,89.44727103578785,21.00339766066636,10.814243475428997,2.3700985952899005,0.4980989765403361
81,Matthew Dalquist,Jack Haley,Cal state fullerton,Fastball,StrikeSwinging,,90.91353958079704,,,1.0620694555781305,-0.7565709283928036
94,Matthew Dalquist,Moises Guzman,Cal state fullerton,Fastball,BallCalled,,89.23218105075047,20.09398857882345,12.426290100384833,4.188569797762696,0.5451667755268689
95,Matthew Dalquist,Moises Guzman,Cal state fullerton,Slider,BallCalled,,80.16035098248597,6.314003709486329,-5.989942890201151,4.415598088974926,1.298227776372478
96,Matthew Dalquist,Moises Guzman,Cal state fullerton,Fastball,InPlay,HomeRun,89.16612780298058,20.133712658451643,11.991392999660585,2.1651986108048136,0.3670038892098791
97,Matthew Dalquist,Eli Lopez,Cal state fullerton,Fastball,Foul,,87.47741876836335,19.598163558648405,11.984957112924704,3.346195710411027,0.0321793894320803
98,Matthew Dalquist,Eli Lopez,Cal state fullerton,Curveball,StrikeCalled,,73.61929184690162,-6.32055619947554,-12.874344466229733,2.0978925634650536,-1.051723460223635
99,Matthew Dalquist,Eli Lopez,Cal state fullerton,Changeup,InPlay,Out,83.47338866939425,13.58225683999309,15.877986715173224,1.7239365404482463,0.555848311219886
100,Matthew Dalquist,Maddox Latta,Cal state fullerton,Curveball,InPlay,Error,73.10326798664963,-11.803777619604915,-13.58284776924314,2.093713365538267,0.2861618487426444
101,Matthew Dalquist,Marcos Rosales,Cal state fullerton,Changeup,BallCalled,,82.36468032171696,13.370169585820538,16.938425729379027,2.368915192039057,1.4763633362673532
102,Matthew Dalquist,Marcos Rosales,Cal state fullerton,Slider,StrikeCalled,,82.91360035009049,8.197510317527055,-2.092394052781272,3.0705938743655583,-0.6964161938962434
103,Matthew Dalquist,Marcos Rosales,Cal state fullerton,Fastball,InPlay,Out,91.53611747794072,19.722719051724027,11.744706806017051,2.665819742278852,0.1651390721049516
104,Matthew Dalquist,Colby Wallace,Cal state fullerton,Fastball,Foul,,90.72325330258415,19.495593936508534,11.107803441314648,2.5353755802998363,0.6397922353915007
105,Matthew Dalquist,Colby Wallace,Cal state fullerton,Fastball,BallCalled,,91.34631117951932,,,2.259411507302274,0.5236010160280806
106,Matthew Dalquist,Colby Wallace,Cal state fullerton,Fastball,BallCalled,,89.41399044223715,19.28409232991104,11.709705880823876,3.883416910314831,1.5113302731947849
107,Matthew Dalquist,Colby Wallace,Cal state fullerton,Fastball,Foul,,90.96908724963647,20.571486370988985,11.174525419270788,3.488000628373231,0.4174475572448614
108,Matthew Dalquist,Colby Wallace,Cal state fullerton,Curveball,BallCalled,,75.98293407185261,-8.454625977782506,-11.416090153444731,0.297112002930646,-0.55145294506492
121,Matthew Dalquist,Draven Nushida,Cal state fullerton,Changeup,StrikeCalled,,81.64623795116894,12.766697759812889,16.363352257207858,1.6455091856539268,0.8541334469888348
122,Matthew Dalquist,Draven Nushida,Cal state fullerton,Slider,BallCalled,,80.93703126714173,3.887037809327218,-5.12721703323956,0.9127322670486212,-0.1410786362110333
123,Matthew Dalquist,Draven Nushida,Cal state fullerton,Fastball,InPlay,Single,89.50894453209314,19.75522259829075,11.622207726914649,2.800418869059148,0.361222027053924
124,Matthew Dalquist,Luke Mistone,Cal state fullerton,Curveball,InPlay,Sacrifice,72.43685699338414,-10.947569810348725,-15.37414064490472,1.7362336987797184,0.0101373502362006
125,Matthew Dalquist,Max Ortega,Cal state fullerton,Fastball,BallCalled,,88.72029018866779,19.63076794442932,10.78188780610642,2.691374451320408,1.600190992750204
126,Matthew Dalquist,Max Ortega,Cal state fullerton,Changeup,BallCalled,,83.65570318878689,13.96940889855859,16.36876449636106,0.7937347330809429,1.010630661684463
127,Matthew Dalquist,Max Ortega,Cal state fullerton,Curveball,StrikeCalled,,73.34717139452458,-9.277278046021422,-14.846512167510632,2.108328189416269,-0.0775593716974382
128,Matthew Dalquist,Max Ortega,Cal state fullerton,Fastball,InPlay,Out,90.57422948548886,20.147732035536603,9.807746614227275,3.0956949232873283,0.5443023706846624
129,Matthew Dalquist,Jack Haley,Cal state fullerton,Fastball,StrikeSwinging,,87.90914271556957,20.842986772724025,10.046454671836322,3.127072452091624,-0.143869869909621
130,Matthew Dalquist,Jack Haley,Cal state fullerton,Fastball,StrikeSwinging,,90.52473347623638,20.485111291800564,9.521862186886253,2.565889522511853,-0.8556430464750188
131,Matthew Dalquist,Jack Haley,Cal state fullerton,Fastball,BallCalled,,90.91171775269908,19.91749387613271,10.851580424048963,2.938218346047758,-1.0484682037176591
132,Matthew Dalquist,Jack Haley,Cal state fullerton,Fastball,Foul,,90.39308691406536,19.940038803938855,11.012258050732052,1.7618493438346696,-0.8180757567629131
150,Matthew Dalquist,Moises Guzman,Cal state fullerton,Fastball,StrikeSwinging,,86.41723548776726,20.061760404637145,10.39647752192701,1.6548144068600492,-0.1156926067091348
151,Matthew Dalquist,Moises Guzman,Cal state fullerton,Slider,StrikeSwinging,,80.46495276200787,5.868070438669442,-4.410579711508644,2.7908066175077098,-0.7068695764797667
152,Matthew Dalquist,Moises Guzman,Cal state fullerton,Slider,InPlay,Out,81.94826559241514,4.825800052362673,-4.9893998059852205,1.9132263095932436,-0.6681700416800435
153,Matthew Dalquist,Eli Lopez,Cal state fullerton,Fastball,BallCalled,,88.17467888639422,19.547554836826567,11.885592208538585,3.511097120095501,0.2198093494648979
154,Matthew Dalquist,Eli Lopez,Cal state fullerton,Fastball,Foul,,87.23090745440345,21.08660183928296,10.635931193433166,3.016565475277724,0.0841462593179688
155,Matthew Dalquist,Eli Lopez,Cal state fullerton,Changeup,BallCalled,,81.91560012411942,14.639474362956946,13.737829472741792,1.6653272951084668,1.437426959795332
156,Matthew Dalquist,Eli Lopez,Cal state fullerton,Curveball,InPlay,Single,72.14678509030186,-9.452060122632886,-15.09288528772031,2.384415241938066,0.3977728732195471
157,Matthew Dalquist,Maddox Latta,Cal state fullerton,Fastball,Foul,,87.06484739407587,18.75767854631634,10.551398791869616,2.4537493228267078,1.2812054805057738
158,Matthew Dalquist,Maddox Latta,Cal state fullerton,Changeup,BallCalled,,82.00234346921539,13.630529387693633,14.772769906257771,1.3492197562236936,0.6044863750679222
159,Matthew Dalquist,Maddox Latta,Cal state fullerton,Changeup,Foul,,83.51366897798258,14.943020226821709,15.50261145596149,3.0430879943896043,1.564077050978404
160,Matthew Dalquist,Maddox Latta,Cal state fullerton,Fastball,BallCalled,,89.02453332434963,20.42752666574215,10.247945226073233,5.053678351433747,0.2547049211887325
161,Matthew Dalquist,Maddox Latta,Cal state fullerton,Fastball,Foul,,87.7677196813522,19.69996880689494,10.236356247462536,2.6565177205845805,0.4045167052242244
162,Matthew Dalquist,Maddox Latta,Cal state fullerton,Slider,BallCalled,,82.57511360160817,6.461463502514285,-6.431501492189054,2.0784514359128696,-1.1293679942457842
163,Matthew Dalquist,Marcos Rosales,Cal state fullerton,Slider,StrikeSwinging,,80.68586271636481,2.3454391489848447,-8.055261141834684,2.1850357940568643,-0.6309186524408853
181,Matthew Dalquist,Colby Wallace,Cal state fullerton,Fastball,BallCalled,,88.40693924110992,18.74031886834281,11.638316711765016,4.531474723097358,-0.3725432695408788
182,Matthew Dalquist,Colby Wallace,Cal state fullerton,Fastball,BallCalled,,87.86172232732568,20.553985488365303,10.416763093309816,3.6495509862965134,2.0439174083692917
183,Matthew Dalquist,Colby Wallace,Cal state fullerton,Fastball,Foul,,88.90353167234247,19.154267700658156,10.761990974055276,3.574558175053052,-0.1806773832813158
184,Matthew Dalquist,Colby Wallace,Cal state fullerton,Fastball,Foul,StrikeoutSwinging,88.39421379287955,19.21603907442492,9.641320131570753,3.197614567918191,1.4469955637268288
185,Matthew Dalquist,Draven Nushida,Cal state fullerton,Fastball,InPlay,Single,87.76048151094655,19.02541063691801,10.556668060620703,2.397647827421065,0.4285722660820991
186,Matthew Dalquist,Alijah Ramos,Cal state fullerton,Slider,Foul,,81.24861605694625,4.4120984336579525,-7.8120210798581935,1.8425149543798045,-0.3763444477509409
187,Matthew Dalquist,Alijah Ramos,Cal state fullerton,Slider,BallCalled,,82.65388027800759,1.5794307797409175,-6.802419948185436,2.319057344623017,-0.7161951814726646
188,Matthew Dalquist,Alijah Ramos,Cal state fullerton,Slider,Foul,,81.35758942945937,4.574648336934857,-5.6634270537486735,1.6989300010618356,0.2704637621992821
189,Matthew Dalquist,Alijah Ramos,Cal state fullerton,Fastball,StrikeSwinging,StrikeoutSwinging,89.86008280818655,19.43485323884653,9.652995687472291,2.1887661843999475,-0.1892023022223193
190,Matthew Dalquist,Max Ortega,Cal state fullerton,Slider,StrikeSwinging,,80.47444030992558,4.55532270871376,-6.927035483813195,2.104323346381631,0.4321351890261591
191,Matthew Dalquist,Max Ortega,Cal state fullerton,Slider,BallCalled,,82.54172558580372,4.14469411717868,-6.33015136779012,0.5920071047523677,-0.106817457481466
0,Matthew Dalquist,Anthony Mata,Uc riverside,Fastball,StrikeCalled,,89.7607485969983,,,1.5284520999578055,0.1450976472649364
1,Matthew Dalquist,Anthony Mata,Uc riverside,Fastball,BallCalled,,88.45062870788502,20.27169497203292,11.581908711206712,2.510333074914342,2.5802238506160045
2,Matthew Dalquist,Anthony Mata,Uc riverside,Slider,InPlay,Out,80.82915893220537,4.864336443575596,-4.71315870042015,2.52547549146498,0.8223839710056551
3,Matthew Dalquist,Zach Chamizo,Uc riverside,Fastball,Foul,,91.7164345910767,,,2.271968823438399,0.8808481961163037
4,Matthew Dalquist,Zach Chamizo,Uc riverside,Fastball,BallCalled,,88.74901974856897,19.023965246010185,12.488292830633078,3.77358709000961,1.7266132705027222
5,Matthew Dalquist,Zach Chamizo,Uc riverside,Fastball,BallCalled,,88.17200096324599,19.6192281574511,12.265083073957406,1.965890862416681,1.7175922280360003
6,Matthew Dalquist,Zach Chamizo,Uc riverside,Fastball,BallCalled,,88.35140069923368,19.46554041275837,12.814637152734855,2.7793111129805985,2.6522143074330065
7,Matthew Dalquist,Zach Chamizo,Uc riverside,Fastball,Foul,,87.22813698279064,20.07905230577341,11.123724470770862,1.809174058441669,0.2320027618788697
8,Matthew Dalquist,Zach Chamizo,Uc riverside,Changeup,InPlay,Single,83.87350633166747,12.767899424442763,16.488798981412263,1.0308627577083815,0.0123598403207884
9,Matthew Dalquist,Cole Koniarsky,Uc riverside,Curveball,StrikeCalled,,71.86471843593195,-9.58183818917503,-14.123831130244728,1.566521783225325,-0.5967208308130666
10,Matthew Dalquist,Cole Koniarsky,Uc riverside,Fastball,InPlay,Double,88.65800950897838,19.668275900042858,11.430289308534704,2.3399615394838804,0.7677660806489676
11,Matthew Dalquist,Jayden Lopez,Uc riverside,Changeup,InPlay,Out,84.32455003322899,12.021114258349098,16.782960674587656,1.5916336711975103,0.1733560943717733
12,Matthew Dalquist,Bubba Rocha,Uc riverside,Slider,BallCalled,,83.93061450748183,4.3064102400458495,-3.604540044507759,2.375571861576576,-2.1547069953053533
13,Matthew Dalquist,Bubba Rocha,Uc riverside,Curveball,StrikeCalled,,72.33519004460081,-10.000559713821104,-14.075705934283482,3.2750706877738103,-0.3058684474850017
14,Matthew Dalquist,Bubba Rocha,Uc riverside,Fastball,BallCalled,,89.9139270412244,19.74009724235441,11.65010835221527,2.6337604357646334,-1.5244908626486495
15,Matthew Dalquist,Bubba Rocha,Uc riverside,Slider,BallCalled,,82.34659173246821,3.910666791807671,-4.67388762808327,1.269779286914127,-0.8838818134136919
16,Matthew Dalquist,Bubba Rocha,Uc riverside,Fastball,StrikeSwinging,,89.32593771593186,20.01655697895296,11.1497300550976,2.141301630030859,0.1410979377040425
17,Matthew Dalquist,Bubba Rocha,Uc riverside,Fastball,StrikeCalled,StrikeoutLooking,90.40716653266448,20.05583199763452,11.558248001409108,1.786138070780401,-0.6717175060255735
39,Matthew Dalquist,Dominic Martinez,Uc riverside,Fastball,StrikeCalled,,87.89621262309923,16.132189427433005,18.310690141183425,2.534866715292481,1.2771702785633183
40,Matthew Dalquist,Dominic Martinez,Uc riverside,Changeup,Foul,,81.97951775923362,12.278609716571694,18.05304420539621,1.7456327881555025,1.632042698081548
41,Matthew Dalquist,Dominic Martinez,Uc riverside,Changeup,BallCalled,,83.4862341563524,13.44135577006426,15.883232969661924,1.854451855777868,2.554581397762922
42,Matthew Dalquist,Dominic Martinez,Uc riverside,Fastball,BallCalled,,89.64949420035641,18.8604190812118,12.902055807721313,4.235507972847722,1.6263922899261665
43,Matthew Dalquist,Dominic Martinez,Uc riverside,Curveball,InPlay,Single,74.59855983868275,-6.941030049793355,-13.14271076991046,3.5859962518546924,0.4465504907496629
44,Matthew Dalquist,Andrew Rivas,Uc riverside,Fastball,StrikeCalled,,88.12280487568273,19.325951444511283,11.665432581900816,2.30555264698359,0.9218804922866932
45,Matthew Dalquist,Andrew Rivas,Uc riverside,Changeup,Foul,,82.52212605654928,11.80130631759724,16.027037814861558,1.864383860843928,0.3916544413494437
46,Matthew Dalquist,Andrew Rivas,Uc riverside,Changeup,BallCalled,,83.88517041390503,11.68390771810623,18.42408914755859,-0.0001747639894001,1.2235385930412823
47,Matthew Dalquist,Andrew Rivas,Uc riverside,Slider,StrikeCalled,StrikeoutLooking,82.0732183115976,3.637213932214827,-5.019370740300254,1.8446062096813027,-0.3795254005129903
48,Matthew Dalquist,Tyler Martinez,Uc riverside,Fastball,StrikeCalled,,88.2012642033318,20.03001192059641,12.834369794463528,1.4466790101173188,-0.0793561867757849
49,Matthew Dalquist,Tyler Martinez,Uc riverside,Slider,StrikeSwinging,,81.8186749109501,4.766540129727979,4.14444368301772,2.199253492400097,-1.0977818038420937
50,Matthew Dalquist,Tyler Martinez,Uc riverside,Slider,BallCalled,,80.76995439947821,,,0.0194800885443523,-1.629522406938917
51,Matthew Dalquist,Tyler Martinez,Uc riverside,Slider,StrikeCalled,StrikeoutLooking,87.58016946884568,19.946817640658416,11.93040733539215,1.9600597116016083,-0.9177264012203432
52,Matthew Dalquist,Rudy Rodriguez,Uc riverside,Fastball,InPlay,Out,87.15816723892182,,,2.239859021902534,0.5495558978142755
59,Matthew Dalquist,Anthony Mata,Uc riverside,Slider,BallCalled,,79.8495492521608,7.039162717783952,-4.741905255897347,4.229009007286531,0.2921661832509775
60,Matthew Dalquist,Anthony Mata,Uc riverside,Curveball,Foul,,71.52090547973343,-11.884267415441675,-13.616408474831731,2.47099221025278,1.0745819727924628
61,Matthew Dalquist,Anthony Mata,Uc riverside,Changeup,BallCalled,,81.85902138078762,13.615939934052246,17.07853145531366,1.650458761499261,1.9282734216519808
62,Matthew Dalquist,Anthony Mata,Uc riverside,Fastball,StrikeCalled,,86.86407117103583,19.70706673441881,11.047494457614398,2.841909479757509,-0.6471730993975383
63,Matthew Dalquist,Anthony Mata,Uc riverside,Slider,InPlay,Out,81.3000360399381,3.728498428686813,-5.129754960116369,2.304917734436347,-0.3518623358924751
64,Matthew Dalquist,Zach Chamizo,Uc riverside,Fastball,InPlay,Out,87.52942337814174,18.99857806057945,12.962039451240328,3.0441829572083483,0.7398182560480173
65,Matthew Dalquist,Cole Koniarsky,Uc riverside,Curveball,StrikeCalled,,72.03795408028492,-6.148628360561823,-16.11363800121074,3.282558893902607,-0.3504646100422114
66,Matthew Dalquist,Cole Koniarsky,Uc riverside,Slider,BallCalled,,81.31843256752505,2.186565152016648,-6.15938991255805,1.3174661372475631,-1.0135920066305082
67,Matthew Dalquist,Cole Koniarsky,Uc riverside,Slider,StrikeCalled,,81.9238412044549,3.388111419781118,-5.348022361033562,2.0850017540317136,-0.3579057635885234
68,Matthew Dalquist,Cole Koniarsky,Uc riverside,Slider,InPlay,Out,80.52648416318382,2.354986059924528,-6.397381739421832,1.1208561099869334,-0.4551791342305421
97,Matthew Dalquist,Jayden Lopez,Uc riverside,Fastball,InPlay,Out,86.80687999615051,19.73121307799894,12.621435434143498,2.9679737769189387,0.1856002989278778
98,Matthew Dalquist,Bubba Rocha,Uc riverside,Fastball,BallCalled,,86.46601868458828,20.50053818069172,12.242750254613489,2.756869839797145,1.4851827881923432
99,Matthew Dalquist,Bubba Rocha,Uc riverside,Fastball,InPlay,Out,85.89198245619419,20.517018870596345,12.12531538240654,2.4599586278236534,1.2325618220903538
100,Matthew Dalquist,Dominic Martinez,Uc riverside,Changeup,BallCalled,,82.25879335574788,13.48289869229924,18.118219082740552,-0.5092657247385953,-0.7139376356485272
101,Matthew Dalquist,Dominic Martinez,Uc riverside,Fastball,StrikeCalled,,86.947534895883,20.08933547609545,12.424979765456376,1.537728698466823,0.8755171973022955
102,Matthew Dalquist,Dominic Martinez,Uc riverside,Fastball,StrikeSwinging,,87.13547614522719,20.38346891822078,12.861042900941328,1.7876157887604922,1.8999774414298864
103,Matthew Dalquist,Dominic Martinez,Uc riverside,Changeup,BallCalled,,83.02767258698199,12.187506157557952,17.59419657040628,0.5961187198061116,0.8629735233242568
131,Matthew Dalquist,Andrew Rivas,Uc riverside,Fastball,BallCalled,,85.6915331214199,18.758122484107165,14.6574386008759,3.589335857180944,1.516887319585073
132,Matthew Dalquist,Andrew Rivas,Uc riverside,Fastball,Foul,,84.74403095252589,19.73909480638197,13.425837093341316,1.855897888046799,0.6995144963213796
133,Matthew Dalquist,Andrew Rivas,Uc riverside,Curveball,BallCalled,,70.89000260835262,-8.942002509736042,-13.95952131490452,4.252166431517816,0.7617083107117004
134,Matthew Dalquist,Andrew Rivas,Uc riverside,Fastball,StrikeSwinging,,85.27600321570633,19.76080256029016,13.724769679715354,2.887932991936335,1.5232060825538056
135,Matthew Dalquist,Andrew Rivas,Uc riverside,Fastball,Foul,,87.05199008574941,19.89356427871096,12.088057778846208,1.9137821883466304,1.3098446516046869
136,Matthew Dalquist,Andrew Rivas,Uc riverside,Fastball,StrikeSwinging,StrikeoutSwinging,87.22126819472899,19.358807932357088,13.373087032991368,2.9753745920823125,1.4271137903804625
137,Matthew Dalquist,Tyler Martinez,Uc riverside,Fastball,BallCalled,,87.72225830079722,19.50873508154565,11.632358282584612,4.296164199598723,-0.1097053386734079
138,Matthew Dalquist,Tyler Martinez,Uc riverside,Fastball,HitByPitch,,84.63469875385849,19.623487522148423,12.061009125280846,4.159567961525091,2.207442547970609
139,Matthew Dalquist,Rudy Rodriguez,Uc riverside,Changeup,StrikeCalled,,81.22119097951553,11.510057090131085,14.961479674471455,2.352405830881537,0.9674548058654836
140,Matthew Dalquist,Rudy Rodriguez,Uc riverside,Changeup,InPlay,Out,81.57714663258884,13.01489252976473,15.91803080574291,1.5782446974579911,0.3776354492891393
0,Matthew Dalquist,Caden Kendle,Uc irvine,Slider,BallCalled,,81.53199936060389,4.17787362408346,-4.34538689175236,0.9603666467436202,0.1163334923494395
1,Matthew Dalquist,Woody Hadeen,Uc irvine,Fastball,BallCalled,,89.53921389550564,19.40346491321381,11.656526865615804,2.957862944699372,1.8976950321530477
2,Matthew Dalquist,Woody Hadeen,Uc irvine,Fastball,StrikeCalled,,87.59965389373036,19.053315447687574,11.690719730139904,2.398749568000528,0.712258396518088
3,Matthew Dalquist,Woody Hadeen,Uc irvine,Changeup,BallCalled,,83.43019341086156,11.652440176615483,17.30577972122146,0.9788024981174924,-0.0104331252369152
4,Matthew Dalquist,Jo Oyama,Uc irvine,Changeup,BallCalled,,83.51491083209301,10.390919837672596,16.635934178747895,2.9203071763835178,1.4624567211689772
5,Matthew Dalquist,Tony Martinez,Uc irvine,Curveball,InPlay,Out,72.12299586145903,-11.77687668680445,-13.12388400350904,2.4042185463961347,0.8700360788433705
6,Matthew Dalquist,Jo Oyama,Uc irvine,Fastball,Foul,,90.30825010048436,19.84985222029577,11.67066582901912,2.0247790648565087,0.3659079710183028
7,Matthew Dalquist,Myles Smith,Uc irvine,Curveball,BallCalled,,72.77095603088736,-7.9822290395321,-12.942030355671942,3.15858500420755,1.7019890556992645
8,Matthew Dalquist,Jo Oyama,Uc irvine,Slider,StrikeSwinging,StrikeoutSwinging,82.37510987386598,6.017503498663352,-3.189866297472608,1.927326295391016,1.6253850534557854
9,Matthew Dalquist,Myles Smith,Uc irvine,Fastball,Foul,,90.36252047982084,18.125377493469887,12.252577562379216,2.206038049279861,0.7646068078012949
10,Matthew Dalquist,Myles Smith,Uc irvine,Fastball,InPlay,Double,90.57972777051442,18.34515995604433,11.320124754859547,2.760205328599368,0.8906886361655846
11,Matthew Dalquist,Thomas Mccaffrey,Uc irvine,Fastball,InPlay,Out,90.1737808866746,18.58980035444084,11.105435975969575,2.8214839800889893,0.0803690594521404
12,Matthew Dalquist,Caden Kendle,Uc irvine,Curveball,BallCalled,,72.2387684201514,-7.191882952596764,-12.320568202376384,4.076845769944537,1.105987036334151
29,Matthew Dalquist,Will Bermudez,Uc irvine,Fastball,Foul,,86.82787884771885,20.163767841489275,11.70031258600164,2.8255871984394663,0.8064353310691061
30,Matthew Dalquist,Chase Call,Uc irvine,Fastball,InPlay,Out,89.95531018654572,19.312806356108588,12.21292407346716,3.1267102872942414,0.3555764478714357
36,Matthew Dalquist,Woody Hadeen,Uc irvine,Fastball,BallCalled,,88.14516855949644,18.198288591105676,11.92206138996909,4.180496729518591,0.7198620944222864
37,Matthew Dalquist,James Castagnola,Uc irvine,,,,87.24708932290844,18.053907910674702,13.131841288968868,2.7910988206588643,0.8973723261073755
38,Matthew Dalquist,Woody Hadeen,Uc irvine,,,,74.30057090562464,-7.750147025473581,-13.78882391754756,3.2302644455467218,1.1030507253031472
41,Matthew Dalquist,Jo Oyama,Uc irvine,Curveball,StrikeCalled,,73.15827195171182,-7.884129453160092,-12.35189450457049,2.7212153541560653,1.122627789750987
42,Matthew Dalquist,Tony Martinez,Uc irvine,Fastball,StrikeSwinging,StrikeoutSwinging,92.01039005498846,19.363713648326247,11.38029147167541,2.884080890996509,0.2266693019738866
0,Matthew Dalquist,Woody Hadeen,Uc irvine,Fastball,BallCalled,,90.28882656204406,19.015961258866195,12.001926268709196,2.5848721142760183,0.7416227427017712
6,Matthew Dalquist,Woody Hadeen,Uc irvine,Fastball,BallCalled,,88.47700353927964,18.89076324684216,10.959302947578696,2.963975003171708,1.7032198272529746
7,Matthew Dalquist,Woody Hadeen,Uc irvine,Fastball,BallCalled,,88.6329580516608,19.36233560093383,12.353708808434437,3.3275951912770143,1.3205617487108705
9,Matthew Dalquist,Woody Hadeen,Uc irvine,Fastball,BallCalled,,82.29925253697748,11.259971169207692,15.623628365080544,1.885193772650377,1.2546349640835672
11,Matthew Dalquist,Woody Hadeen,Uc irvine,Curveball,,,73.25427363616215,-9.747073976383549,-12.44519877320282,2.217133778229657,0.9865094129003176
13,Matthew Dalquist,Woody Hadeen,Uc irvine,Fastball,StrikeCalled,,90.0830858491459,17.811519562674736,12.33470891131909,2.782334605822328,0.6252728740867108
14,Matthew Dalquist,Myles Smith,Uc irvine,Slider,BallCalled,,83.93012121088923,10.825114473428098,17.7410049155899,1.932417489421612,1.568108969777921
40,Matthew Dalquist,Will Bermudez,Uc irvine,Slider,StrikeCalled,,79.57267702802831,1.88603329277278,-5.300268969433865,1.7268532157127434,0.5077046377455402
41,Matthew Dalquist,Will Bermudez,Uc irvine,Changeup,BallCalled,,82.94924477400933,10.892975359793208,17.20597790088296,0.4520756485486795,0.572189806690332
42,Matthew Dalquist,Will Bermudez,Uc irvine,Slider,BallCalled,,82.25404216141996,3.2096069359207817,-5.727302887244183,0.4775704659551481,0.2150196816289228
43,Matthew Dalquist,Will Bermudez,Uc irvine,Fastball,Foul,,90.40134487769124,19.04631420932409,11.644299536881505,2.0031558388232806,1.554278699977295
44,Matthew Dalquist,Will Bermudez,Uc irvine,Fastball,BallCalled,,89.78550906511114,19.102964750984786,11.88088583066324,2.287793327235236,1.7347528138020445
45,Matthew Dalquist,Will Bermudez,Uc irvine,Fastball,StrikeCalled,StrikeoutLooking,88.98503672318446,18.02381385805974,11.758795926076512,1.6771483583550084,-0.2204506333663886
46,Matthew Dalquist,James Castagnola,Uc irvine,Fastball,InPlay,Out,90.60225058695794,,,2.873962532770402,0.4746828868521468
109,Matthew Dalquist,Woody Hadeen,Uc irvine,Slider,StrikeCalled,,81.21501333542302,4.01848436179592,-4.155667777771095,3.072035149920475,0.467810063611049
110,Matthew Dalquist,Woody Hadeen,Uc irvine,Changeup,BallCalled,,83.22091332088085,11.24629269906384,17.66822486057492,1.2714165009267748,0.9962634677788184
111,Matthew Dalquist,Woody Hadeen,Uc irvine,Slider,Foul,,80.91755533476403,4.176146599499063,-4.954226177824892,3.582549306445108,0.4431934716288425
112,Matthew Dalquist,Woody Hadeen,Uc irvine,Fastball,Foul,,89.82290627725067,17.49556059773452,11.971056689910716,3.111694770833442,0.9223912404013856
113,Matthew Dalquist,Woody Hadeen,Uc irvine,Fastball,Foul,,89.30651516674358,18.493328904354613,11.009256803998207,2.80083516479882,0.5746731165477437
114,Matthew Dalquist,Woody Hadeen,Uc irvine,Slider,InPlay,Single,83.88802868818297,6.477849767242539,-3.611156000368808,3.3884855940896497,0.1567801701703148
115,Matthew Dalquist,Jo Oyama,Uc irvine,Slider,StrikeCalled,,82.6096944266872,5.504080031950366,-3.8904645341847854,2.8823254412200248,1.0484939973917482
116,Matthew Dalquist,Jo Oyama,Uc irvine,Fastball,StrikeSwinging,StrikeoutSwinging,90.61430985428846,19.299802775297906,11.064842996891857,3.116145006007801,1.0190768266718535
117,Matthew Dalquist,Caden Kendle,Uc irvine,Slider,Foul,,82.09632365619636,4.551916009268112,-3.979302432501367,2.468158073829773,-0.1206236397873349
118,Matthew Dalquist,Caden Kendle,Uc irvine,Slider,BallCalled,,82.90893212215529,10.706988710999145,16.797721979388744,-0.5116675787596218,-0.8722483032930449
119,Matthew Dalquist,Caden Kendle,Uc irvine,Curveball,InPlay,Out,73.95902537402242,-9.5573515096592,-14.602265772133618,1.501663801981936,-0.6478822479715491
120,Matthew Dalquist,Tony Martinez,Uc irvine,Slider,BallCalled,,83.90522593750701,5.026344632234398,-4.035793699667111,1.4369848120923538,-0.0584640992717366
121,Matthew Dalquist,Tony Martinez,Uc irvine,Slider,Foul,,82.06153881273524,3.947771297169133,-5.555340033424432,2.9743620915909665,0.4639408920049663
122,Matthew Dalquist,Tony Martinez,Uc irvine,Fastball,Foul,,91.090670328705,18.524626871762237,12.529055993595987,2.3979377294836093,0.8722649487299435
0,Matthew Dalquist,Jordan Donahue,Hawaii,Fastball,StrikeCalled,,89.59839253344681,,,1.3956391305662377,0.8303025171583247
1,Matthew Dalquist,Jordan Donahue,Hawaii,Changeup,Foul,,83.5778237279111,12.58119035624838,18.1036222047556,2.471043350100223,1.0460470037010243
2,Matthew Dalquist,Jordan Donahue,Hawaii,Slider,StrikeCalled,StrikeoutLooking,83.11768855097942,3.620259444059045,-5.677511643398325,2.1494484063026422,1.3491179700487594
3,Matthew Dalquist,Jake Tsukada,Hawaii,Fastball,BallCalled,,89.77416613111897,18.45244689904868,12.860086602066996,2.8374515400334173,2.27977497105256
4,Matthew Dalquist,Jake Tsukada,Hawaii,Fastball,BallCalled,,90.17257218095132,18.482081094067528,13.254381261315643,3.3298915401370124,1.4126889332723307
5,Matthew Dalquist,Jake Tsukada,Hawaii,Fastball,StrikeCalled,,89.66073418794466,18.56175596780276,13.878624028313949,1.8733369286600303,0.9879712365472996
6,Matthew Dalquist,Jake Tsukada,Hawaii,Slider,BallCalled,,82.68281744034513,4.217209934719861,-4.029124981101435,-0.0436282675997752,-0.1259132098792065
7,Matthew Dalquist,Jake Tsukada,Hawaii,Fastball,BallCalled,,89.83224936628372,18.90635812669219,13.21222252804608,3.5470595616690868,1.713389376524762
8,Matthew Dalquist,Austin Machado,Hawaii,Fastball,BallCalled,,89.3102660103511,17.90821056239864,14.756114599880066,1.4863844962521415,1.1781441642727994
9,Matthew Dalquist,Austin Machado,Hawaii,Changeup,StrikeSwinging,,82.92076585220387,11.890858961711064,17.048545886524654,3.288666908435727,2.929952260044269
10,Matthew Dalquist,Austin Machado,Hawaii,Curveball,InPlay,Out,75.8098269345467,-4.228042188351523,-14.960606649746198,2.6912145679944905,0.3507458094118732
30,Matthew Dalquist,Kyson Donahue,Hawaii,Changeup,StrikeCalled,,84.27141857097295,11.712898838004447,17.82653845119995,2.073701917974621,0.5676776786831399
31,Matthew Dalquist,Kyson Donahue,Hawaii,Fastball,Foul,,89.68699842854693,18.112466537556173,13.711426007997098,2.284574307594637,1.598754828323949
32,Matthew Dalquist,Kyson Donahue,Hawaii,Fastball,StrikeSwinging,StrikeoutSwinging,91.1575201912344,19.15534407931249,13.823685168777196,3.126505148575616,2.002896535423361
33,Matthew Dalquist,Dallas Duarte,Hawaii,Fastball,BallCalled,,88.11284815444664,18.24895483055972,13.247654704395714,2.8906130377478667,1.7376153023328909
34,Matthew Dalquist,Dallas Duarte,Hawaii,Fastball,StrikeCalled,,89.69059327717727,19.84930275362509,12.897353705116087,1.6222681220962982,1.1492216285523214
35,Matthew Dalquist,Dallas Duarte,Hawaii,Slider,BallCalled,,80.33658813303207,1.57504555954538,-6.591454075997992,1.938708965905027,-1.5484645109468782
36,Matthew Dalquist,Dallas Duarte,Hawaii,Fastball,BallCalled,,89.45100476605155,19.793416444668654,12.33127364200686,1.2270302237452444,1.3063067280705165
37,Matthew Dalquist,Dallas Duarte,Hawaii,Fastball,InPlay,Out,89.1632157901381,18.233752712299264,13.811172044227389,2.382873175391877,0.9327445782911056
38,Matthew Dalquist,Naighel ali'i Calderon,Hawaii,Fastball,StrikeCalled,,89.8574281472643,17.88713880853807,14.312150551570507,1.675191679796209,-0.6253019310929828
39,Matthew Dalquist,Naighel ali'i Calderon,Hawaii,Fastball,BallCalled,,89.70425610954725,19.33815067090221,12.924203145270948,1.1711201765836166,-0.3692115960147892
40,Matthew Dalquist,Naighel ali'i Calderon,Hawaii,Fastball,InPlay,Out,89.37299334525042,17.780974265265435,14.414832324819445,2.0632554748065086,0.6354914904764205
50,Matthew Dalquist,Matthew Miura,Hawaii,Fastball,BallCalled,,89.86171840039191,,,2.341499733856387,1.4068013244802124
51,Matthew Dalquist,Matthew Miura,Hawaii,Slider,BallCalled,,83.12298345412827,6.387085106959233,-3.008385464807416,0.9904815399711804,0.9798081973681504
52,Matthew Dalquist,Matthew Miura,Hawaii,Fastball,StrikeCalled,,89.74872697710096,,,2.704042092294666,1.0695130955746102
53,Matthew Dalquist,Matthew Miura,Hawaii,Slider,BallCalled,,83.71686087063868,5.356505179343081,-2.9062263241812367,1.2507080896064835,0.0724397483202868
54,Matthew Dalquist,Matthew Miura,Hawaii,Fastball,BallCalled,,89.93166587557513,18.988151903522635,12.99597039442391,1.538659803631082,2.0082542517194573
55,Matthew Dalquist,Stone Miyao,Hawaii,Fastball,BallCalled,,89.64811746887484,18.44952172250103,14.187733454540448,1.6874947963069489,2.370956760531871
56,Matthew Dalquist,Stone Miyao,Hawaii,Fastball,StrikeCalled,,90.70135518834772,,,2.177269379480701,1.7396369543608992
57,Matthew Dalquist,Stone Miyao,Hawaii,Slider,StrikeCalled,,83.84987073055059,4.943402296537073,-5.639275775813215,2.58196458216628,1.0060936254511634
58,Matthew Dalquist,Stone Miyao,Hawaii,Fastball,BallCalled,,92.29460639248386,18.3975622315666,14.354139685641265,3.299044976236557,2.0811852860709523
59,Matthew Dalquist,Stone Miyao,Hawaii,Slider,BallCalled,,83.95088272509594,4.312452231589795,-4.677888606557939,1.830821966504391,1.6154749170711311
60,Matthew Dalquist,Stone Miyao,Hawaii,Slider,StrikeSwinging,StrikeoutSwinging,85.45425697714131,7.671516241166991,-3.024619326733358,1.4312542645598274,-0.2318377467959222
61,Matthew Dalquist,Elijah Ickes,Hawaii,Fastball,BallCalled,,91.83924807361262,17.737014542850133,16.04406412034889,2.2862732840904507,1.7068384783236676
63,Matthew Dalquist,Jordan Donahue,Hawaii,Changeup,StrikeCalled,,84.57533865607877,10.156515129694416,15.112048797262132,2.856451044863938,-0.0955528675609573
64,Matthew Dalquist,Jordan Donahue,Hawaii,Changeup,BallCalled,,84.30266084230568,10.650583995017683,17.50481397115898,1.7787923763769022,1.5666501397811383
65,Matthew Dalquist,Jordan Donahue,Hawaii,Slider,Foul,,83.09633762180047,2.9963977700788647,-7.94294661532172,2.625306822697165,0.6453591403019613
66,Matthew Dalquist,Jordan Donahue,Hawaii,Fastball,Foul,,91.74477891692656,17.604054136484613,13.611117352256665,3.4123896311425024,0.5224992811463899
67,Matthew Dalquist,Jordan Donahue,Hawaii,Changeup,BallCalled,,85.50813215811928,10.235778637521625,16.482514264658114,2.177553405908204,2.465022800821353
68,Matthew Dalquist,Jordan Donahue,Hawaii,Fastball,Foul,,91.98258864869888,18.405227588686618,13.32977383932908,2.2358609548943438,0.4851395773020078
69,Matthew Dalquist,Jordan Donahue,Hawaii,Fastball,Foul,,92.2679425908136,19.00825169518084,12.571954928021952,3.829522423332901,1.4352580463144011
70,Matthew Dalquist,Jordan Donahue,Hawaii,Slider,InPlay,FieldersChoice,85.4155040834681,5.690699687084205,-3.485165460814388,2.6748414535479195,0.1286698679607997
71,Matthew Dalquist,Jake Tsukada,Hawaii,Fastball,Foul,,91.59907941972432,18.345288447475184,13.504745569139498,3.5078662053765077,0.3988705176638084
72,Matthew Dalquist,Jake Tsukada,Hawaii,Changeup,InPlay,Error,84.32129159091845,10.714338045679703,16.612818935063853,2.380927158702133,1.3804347529813854
73,Matthew Dalquist,Austin Machado,Hawaii,Fastball,BallCalled,,91.14744687422431,17.18493806195482,13.961269288288682,3.9469773068672143,0.4780814598183182
74,Matthew Dalquist,Austin Machado,Hawaii,Changeup,BallCalled,,83.69101990805562,11.268054590560409,13.774278343541503,2.761888486033707,1.951924601062638
75,Matthew Dalquist,Austin Machado,Hawaii,Fastball,BallCalled,,90.14537216705986,17.558944308467083,14.569331607746877,4.00084679184119,1.1827004236649084
76,Matthew Dalquist,Austin Machado,Hawaii,Fastball,StrikeCalled,,90.70409231810976,18.064263105868815,14.314419889977453,2.1303031928729204,-0.3457501179899653
77,Matthew Dalquist,Austin Machado,Hawaii,Fastball,Foul,,90.08657120867964,18.31410079177878,13.459098713659255,3.489767368128732,0.3576314516730402
78,Matthew Dalquist,Austin Machado,Hawaii,Slider,BallCalled,,85.04441766535655,5.631533913183759,-3.6981791813210263,4.035042807148965,0.4501964906480677
79,Matthew Dalquist,Kyson Donahue,Hawaii,Curveball,StrikeCalled,,74.797577138642,-7.893486181586013,-15.350280940946773,3.084626557522051,0.421008156173658
80,Matthew Dalquist,Kyson Donahue,Hawaii,Fastball,Foul,,90.43510175958252,18.751107321566263,13.362091848039908,3.4845114055754656,1.3043245282316407
81,Matthew Dalquist,Kyson Donahue,Hawaii,Fastball,BallCalled,,91.65759651820422,17.907670836113002,13.12730316405572,4.234385891915945,2.187707780842157
82,Matthew Dalquist,Kyson Donahue,Hawaii,Curveball,StrikeSwinging,StrikeoutSwinging,78.36124575956165,-7.491897456516753,-14.36684043101294,1.1935481741382856,-0.816626127716789
97,Matthew Dalquist,Dallas Duarte,Hawaii,Fastball,BallCalled,,87.70061046648776,18.59952806971657,11.963621892303337,4.14776237898788,1.395826760895582
98,Matthew Dalquist,Dallas Duarte,Hawaii,Fastball,InPlay,Single,87.25789686752567,18.826546088271183,12.455706661469105,1.8043087834981175,0.5554352574086855
99,Matthew Dalquist,Naighel ali'i Calderon,Hawaii,Slider,BallCalled,,81.81683250647414,4.503423677768332,-4.748989771832673,0.8689704127949721,0.9529882890211098
100,Matthew Dalquist,Naighel ali'i Calderon,Hawaii,Slider,StrikeSwinging,,83.21945491932163,4.207547272307266,-2.904865073028005,0.7652063935920465,-0.5873531734299476
101,Matthew Dalquist,Naighel ali'i Calderon,Hawaii,Changeup,StrikeSwinging,,83.95021028379617,10.609147999481824,15.085306641656018,1.1347971326792228,1.2013212312538275
102,Matthew Dalquist,Naighel ali'i Calderon,Hawaii,Fastball,InPlay,Error,90.31500443181751,19.17733416134223,11.217081323216124,1.983243011046915,0.4693128661965765
103,Matthew Dalquist,Matthew Miura,Hawaii,Slider,BallCalled,,82.58961629647744,4.191828659046699,-7.270704645888195,0.8715735645700996,-0.8450386306189559
104,Matthew Dalquist,Matthew Miura,Hawaii,Slider,BallCalled,,83.00027339164706,4.953829469652838,-5.164893230320067,1.9517797068356355,1.0629827061611443
105,Matthew Dalquist,Matthew Miura,Hawaii,Fastball,InPlay,Out,89.81308157242323,18.68182366231923,12.174768402815964,2.9156697994931293,0.4755121551540507
106,Matthew Dalquist,Stone Miyao,Hawaii,Fastball,BallCalled,,88.26720964606082,18.07005684886072,13.78269553301884,3.168148746123581,1.8984465044166248
107,Matthew Dalquist,Stone Miyao,Hawaii,Slider,BallCalled,,81.88384025503184,4.675696416803049,-5.37901865982837,1.2968102192573692,1.060782313049711
108,Matthew Dalquist,Stone Miyao,Hawaii,Fastball,StrikeCalled,,88.77650456842244,19.30015337645514,10.965924384263928,1.81114641708177,1.108736817517432
109,Matthew Dalquist,Stone Miyao,Hawaii,Fastball,Foul,,89.60183531651637,18.66482311434435,11.162031432010254,2.442357178676646,1.434660786320893
110,Matthew Dalquist,Stone Miyao,Hawaii,Curveball,StrikeSwinging,StrikeoutSwinging,75.02230780740527,-3.9660394951567,-14.733046657094416,2.222759270492294,1.59580593972841
125,Matthew Dalquist,Elijah Ickes,Hawaii,Curveball,StrikeCalled,,73.4860462319529,-6.804316970350563,-13.566428011860587,2.874440382935357,0.4990158173100159
126,Matthew Dalquist,Elijah Ickes,Hawaii,Slider,StrikeCalled,,81.51705311262134,4.483068607211926,-3.845903303677184,1.4881595672625976,-0.4589514563108441
127,Matthew Dalquist,Elijah Ickes,Hawaii,Curveball,Foul,,73.16912231325571,-8.15500129161152,-15.16362115160924,0.8612202088372055,0.3709341553238077
128,Matthew Dalquist,Elijah Ickes,Hawaii,Fastball,Foul,,89.6605356620428,19.000632937981383,12.472231276366273,3.2024985043632936,0.5281332317817952
129,Matthew Dalquist,Elijah Ickes,Hawaii,Curveball,InPlay,Out,72.80250949692883,-6.822638171470011,-15.489121418493646,2.722865042394896,0.4048388712861839
130,Matthew Dalquist,Jordan Donahue,Hawaii,Changeup,BallCalled,,83.22927675527065,8.861412966757364,15.415020531720002,1.503859162584566,-0.1806052595043063
131,Matthew Dalquist,Jordan Donahue,Hawaii,Curveball,StrikeCalled,,71.79705627814796,-6.749872329927321,-15.78826903177654,3.225325777297233,1.3319451558081936
132,Matthew Dalquist,Jordan Donahue,Hawaii,Curveball,Foul,,72.96538290636133,-9.024503814720688,-14.241920846066757,1.6419573581534836,0.0113919210923331
133,Matthew Dalquist,Jordan Donahue,Hawaii,Fastball,BallCalled,,89.42857861565727,18.194731029824773,13.057666965606714,3.861899560714501,2.75992637543988
134,Matthew Dalquist,Jordan Donahue,Hawaii,Curveball,InPlay,Error,74.39581700363122,-8.142047660294637,-13.414377385671823,1.4051850957245002,0.5005935411066952
135,Matthew Dalquist,Jake Tsukada,Hawaii,Fastball,BallCalled,,89.24218659003022,,,1.431711041423399,-0.3999086851044331
136,Matthew Dalquist,Jake Tsukada,Hawaii,Slider,StrikeCalled,,81.67185853107348,4.8017765119841656,-6.25364976552264,2.1603690699636986,0.5219067008898945
137,Matthew Dalquist,Jake Tsukada,Hawaii,Curveball,InPlay,Single,73.62198443073439,-9.499320748517242,-16.680629522482565,2.2317113771326818,0.9750644783363844
138,Matthew Dalquist,Austin Machado,Hawaii,Changeup,StrikeCalled,,83.88249177836212,11.911639459154973,14.548406676363562,1.685734517209326,-0.0862508736908273
139,Matthew Dalquist,Austin Machado,Hawaii,Changeup,InPlay,Out,84.28397665531303,10.209425108275973,15.368838577428765,1.9802694208840663,0.534062596200801
140,Matthew Dalquist,Kyson Donahue,Hawaii,Fastball,InPlay,HomeRun,89.90523339100716,19.65660557813727,11.49968136356894,3.381654930054992,0.536348323318402
141,Matthew Dalquist,Dallas Duarte,Hawaii,Curveball,Foul,,72.84922147719107,-9.910815109040442,-14.7749585717346,1.667642247778355,0.2267111194668488
143,Matthew Dalquist,Dallas Duarte,Hawaii,Curveball,InPlay,HomeRun,71.90299194679929,-7.227232070707025,-14.780428331145377,2.558380448193988,0.3251529951653212
